definition_id,task_group,metric_family,source_products,source_table,universe,source_grain,estimate_expression,moe_expression,additive_output_categories,transform,category_bridge,support_candidate,release_cutoff,plan_applicability,status,aggregation_note
vap_dec_1990,POC035,voting_age_population,dec_1990_pl94,P003,Persons 18 years and over,1990 Census block,P003_0001+P003_0002+P003_0003+P003_0004+P003_0005,RSS(M counterparts),vap,exact_sum_of_published_race_cells,none,1990 block/plan equal-area intersection unless metric-specific sub-block support is found,1991-03-08 conservative latest statewide delivery bound,release before election and plan effective for election,inventory_frozen,1990 publishes mutually exclusive race cells but no P003 total cell; summation does not recover microdata
vap_dec_2000,POC035,voting_age_population,dec_2000,PL003,Population 18 years and over,2000 Census block,PL003001,not_applicable_exact_decennial_count,vap,direct_published_aggregate,none,2000 block/plan equal-area intersection for split blocks,2001-03-09,inherit legislative_population_partitions_v1.csv,inventory_frozen,Select the published table total; do not sum its race descendants
vap_dec_2010,POC035,voting_age_population,dec_2010,P3,Population 18 years and over,2010 Census block,P0030001,not_applicable_exact_decennial_count,vap,direct_published_aggregate,none,2010 block/plan equal-area intersection for split blocks,2011-03-09,inherit legislative_population_partitions_v1.csv,inventory_frozen,Select the published table total; do not relabel P001 weights
vap_dec_2020,POC035,voting_age_population,dec_2020,P3,Population 18 years and over,2020 Census block,P0030001,not_applicable_exact_decennial_count,vap,direct_published_aggregate,none,lrc_fragment_p003_vap_direct_legislative_v1,2021-08-12,inherit legislative_population_partitions_v1.csv,accepted_poc031,Already accepted; retained as the bridge anchor
vap_age_acs,POC035,voting_age_population|age_distribution,acs5_2009..acs5_2024,B01001,Total population,product-vintage Census block group,"vap=B01001_007E+B01001_008E+B01001_009E+B01001_010E+B01001_011E+B01001_012E+B01001_013E+B01001_014E+B01001_015E+B01001_016E+B01001_017E+B01001_018E+B01001_019E+B01001_020E+B01001_021E+B01001_022E+B01001_023E+B01001_024E+B01001_025E+B01001_031E+B01001_032E+B01001_033E+B01001_034E+B01001_035E+B01001_036E+B01001_037E+B01001_038E+B01001_039E+B01001_040E+B01001_041E+B01001_042E+B01001_043E+B01001_044E+B01001_045E+B01001_046E+B01001_047E+B01001_048E+B01001_049E;age_18_29=B01001_007E+B01001_008E+B01001_009E+B01001_010E+B01001_011E+B01001_031E+B01001_032E+B01001_033E+B01001_034E+B01001_035E;age_30_44=B01001_012E+B01001_013E+B01001_014E+B01001_036E+B01001_037E+B01001_038E;age_45_64=B01001_015E+B01001_016E+B01001_017E+B01001_018E+B01001_019E+B01001_039E+B01001_040E+B01001_041E+B01001_042E+B01001_043E;age_65_plus=B01001_020E+B01001_021E+B01001_022E+B01001_023E+B01001_024E+B01001_025E+B01001_044E+B01001_045E+B01001_046E+B01001_047E+B01001_048E+B01001_049E",RSS of matching M cells per expression,vap|age_18_29|age_30_44|age_45_64|age_65_plus,exact_sum_of_published_age_sex_cells,stable 2009-2024 age-band bridge,candidate existing product-vintage ACS person support with subgroup-homogeneity limitation,exact release_date in acs5_products.csv,inherit legislative_population_partitions_v1.csv then apply release cutoff,inventory_frozen,VAP equals the four age bands; derive shares only after allocation
cvap_acs_2009,POC035,citizen_voting_age_population,cvap_2009,CVAP BlockGr line 1,Citizen population 18 years and over,2000 Census block group with documented 2009 geography exceptions,CVAP_EST where LNNUMBER=1,CVAP_MOE where LNNUMBER=1,cvap,direct_published_aggregate,stable CVAP line-1 bridge,candidate 2009 ACS person support subject to separate proof,2011-02-01,release before election and plan effective for election,inventory_frozen,The first release has only CVAP_EST/CVAP_MOE at block-group grain; do not infer missing CIT columns
cvap_acs_2010_2024,POC035,citizen_voting_age_population,cvap_2010..cvap_2024,CVAP BlockGr line 1,Citizen population 18 years and over,product-vintage Census block group,CVAP_EST where LNNUMBER=1,CVAP_MOE where LNNUMBER=1,cvap,direct_published_aggregate,stable CVAP line-1 bridge,candidate matching-vintage ACS person support subject to separate proof,exact release_date in cvap_products_v1.csv,release before election and plan effective for election,inventory_frozen,CIT_EST is total citizens of all ages and is not substituted for CVAP_EST
race_ethnicity_dec_1990,POC035,race_ethnicity,dec_1990_pl94,P004,Persons,1990 Census block,"hispanic=P004_0001;nh_white=P004_0002;nh_black=P004_0003;nh_aian=P004_0004;nh_asian_pacific=P004_0005;nh_other_multiracial=P004_0006",not_applicable_exact_decennial_count,hispanic|nh_white|nh_black|nh_aian|nh_asian_pacific|nh_other_multiracial,direct_published_aggregates,1990 other-race is bridged to other/multiracial but is a conceptual break,candidate category-specific fragment support if available else equal-area split-block allocation,1991-03-08 conservative latest statewide delivery bound,release before election and plan effective for election,inventory_frozen,1990 did not permit the 2000-style multiple-race response; the final bridge category is additive but not conceptually equivalent
race_ethnicity_dec_2000,POC035,race_ethnicity,dec_2000,PL002,Persons,2000 Census block,"hispanic=PL002002;nh_white=PL002005;nh_black=PL002006;nh_aian=PL002007;nh_asian_pacific=PL002008+PL002009;nh_other_multiracial=PL002010+PL002011",not_applicable_exact_decennial_count,hispanic|nh_white|nh_black|nh_aian|nh_asian_pacific|nh_other_multiracial,direct_selection_and_exact_sums,collapse Asian+NHPI and other+two-or-more to six-category bridge,candidate category-specific support else equal-area split-block allocation,2001-03-09,inherit legislative_population_partitions_v1.csv,inventory_frozen,Use published Hispanic and non-Hispanic aggregate cells; never sum overlapping race descendants
race_ethnicity_dec_2010,POC035,race_ethnicity,dec_2010,P2,Persons,2010 Census block,"hispanic=P0020002;nh_white=P0020005;nh_black=P0020006;nh_aian=P0020007;nh_asian_pacific=P0020008+P0020009;nh_other_multiracial=P0020010+P0020011",not_applicable_exact_decennial_count,hispanic|nh_white|nh_black|nh_aian|nh_asian_pacific|nh_other_multiracial,direct_selection_and_exact_sums,collapse Asian+NHPI and other+two-or-more to six-category bridge,candidate category-specific support else equal-area split-block allocation,2011-03-09,inherit legislative_population_partitions_v1.csv,inventory_frozen,Legacy-file field names retain four-digit cell suffixes
race_ethnicity_dec_2020,POC035,race_ethnicity,dec_2020,P2,Persons,2020 Census block,"hispanic=P0020002;nh_white=P0020005;nh_black=P0020006;nh_aian=P0020007;nh_asian_pacific=P0020008+P0020009;nh_other_multiracial=P0020010+P0020011",not_applicable_exact_decennial_count,hispanic|nh_white|nh_black|nh_aian|nh_asian_pacific|nh_other_multiracial,direct_selection_and_exact_sums,collapse Asian+NHPI and other+two-or-more to six-category bridge,candidate published LRC fragment P2 cells if parent reconciliation passes,2021-08-12,inherit legislative_population_partitions_v1.csv,inventory_frozen,Do not use P1 or P3 fragment weights when P2 support is available
race_ethnicity_acs,POC035,race_ethnicity,acs5_2009..acs5_2024,B03002,Total population,product-vintage Census block group,"hispanic=B03002_012E;nh_white=B03002_003E;nh_black=B03002_004E;nh_aian=B03002_005E;nh_asian_pacific=B03002_006E+B03002_007E;nh_other_multiracial=B03002_008E+B03002_009E",RSS of matching M cells per expression,hispanic|nh_white|nh_black|nh_aian|nh_asian_pacific|nh_other_multiracial,direct_selection_and_exact_sums,same six-category bridge as 2000+ decennial,candidate existing product-vintage ACS person support with subgroup-homogeneity limitation,exact release_date in acs5_products.csv,inherit legislative_population_partitions_v1.csv then apply release cutoff,inventory_frozen,The selected cells are mutually exclusive and sum B03002_001E; detailed Hispanic race descendants are not added to Hispanic total
nativity_citizenship_acs,POC035,foreign_born_citizenship,acs5_2009..acs5_2024,B05001,Total population,product-vintage Census block group,"native=B05001_002E+B05001_003E+B05001_004E;foreign_born_naturalized=B05001_005E;foreign_born_noncitizen=B05001_006E",RSS of matching M cells per expression,native|foreign_born_naturalized|foreign_born_noncitizen,direct_selection_and_exact_sum,stable 2009-2024 three-category bridge,candidate existing product-vintage ACS person support with subgroup-homogeneity limitation,exact release_date in acs5_products.csv,inherit legislative_population_partitions_v1.csv then apply release cutoff,inventory_frozen,Noncitizen is not undocumented; native is the exact sum of three published citizenship-by-birthplace cells
education_acs_2009_2024,POC036,education_attainment,acs5_2009..acs5_2024,B15002,Population 25 years and over,product-vintage Census block group,"below_high_school=B15002_003E+B15002_004E+B15002_005E+B15002_006E+B15002_007E+B15002_008E+B15002_009E+B15002_010E+B15002_020E+B15002_021E+B15002_022E+B15002_023E+B15002_024E+B15002_025E+B15002_026E+B15002_027E;high_school=B15002_011E+B15002_028E;some_college_associate=B15002_012E+B15002_013E+B15002_014E+B15002_029E+B15002_030E+B15002_031E;bachelors_plus=B15002_015E+B15002_016E+B15002_017E+B15002_018E+B15002_032E+B15002_033E+B15002_034E+B15002_035E",RSS of matching M cells per expression,below_high_school|high_school|some_college_associate|bachelors_plus,collapse_sex_and_attainment_cells,stable B15002 four-band bridge; B15003 retained only for overlap validation,candidate person support limited to age-25-plus subgroup homogeneity,exact release_date in acs5_products.csv,inherit legislative_population_partitions_v1.csv then apply release cutoff,inventory_frozen,B15002 is aggregate sex-by-attainment data available for every ACS product; collapse only mutually exclusive cells and derive shares after allocation
employment_acs_2009_2024,POC036,employment_status,acs5_2009..acs5_2024,B23001,Population 16 years and over,product-vintage Census tract,"employed=B23001_007E+B23001_014E+B23001_021E+B23001_028E+B23001_035E+B23001_042E+B23001_049E+B23001_056E+B23001_063E+B23001_070E+B23001_075E+B23001_080E+B23001_085E+B23001_093E+B23001_100E+B23001_107E+B23001_114E+B23001_121E+B23001_128E+B23001_135E+B23001_142E+B23001_149E+B23001_156E+B23001_161E+B23001_166E+B23001_171E;unemployed=B23001_008E+B23001_015E+B23001_022E+B23001_029E+B23001_036E+B23001_043E+B23001_050E+B23001_057E+B23001_064E+B23001_071E+B23001_076E+B23001_081E+B23001_086E+B23001_094E+B23001_101E+B23001_108E+B23001_115E+B23001_122E+B23001_129E+B23001_136E+B23001_143E+B23001_150E+B23001_157E+B23001_162E+B23001_167E+B23001_172E;armed_forces=B23001_005E+B23001_012E+B23001_019E+B23001_026E+B23001_033E+B23001_040E+B23001_047E+B23001_054E+B23001_061E+B23001_068E+B23001_091E+B23001_098E+B23001_105E+B23001_112E+B23001_119E+B23001_126E+B23001_133E+B23001_140E+B23001_147E+B23001_154E;not_in_labor_force=B23001_009E+B23001_016E+B23001_023E+B23001_030E+B23001_037E+B23001_044E+B23001_051E+B23001_058E+B23001_065E+B23001_072E+B23001_077E+B23001_082E+B23001_087E+B23001_095E+B23001_102E+B23001_109E+B23001_116E+B23001_123E+B23001_130E+B23001_137E+B23001_144E+B23001_151E+B23001_158E+B23001_163E+B23001_168E+B23001_173E;population_16_plus=B23001_001E",RSS of matching M cells per summed expression; B23001_001M for direct total,employed|unemployed|armed_forces|not_in_labor_force,exact_sum_of_mutually_exclusive_age_sex_status_cells,stable tract-level B23001 bridge; compare against tract-aggregated B23025 in 2011-2024,same-product B01003 block-group population composed with accepted block-group/plan support and normalized within tract,exact release_date in acs5_products.csv,inherit legislative_population_partitions_v1.csv then apply release cutoff,inventory_frozen,B23001 is consistently published at tract grain; legacy block-group rows are zero placeholders and must not be treated as observations; zero-population tracts also have zero B23001 counts and contribute nothing
poverty_acs,POC036,poverty_ratio,acs5_2009..acs5_2024,C17002,Population for whom poverty status is determined,product-vintage Census block group,"under_0_50=C17002_002E;ratio_0_50_0_99=C17002_003E;ratio_1_00_1_24=C17002_004E;ratio_1_25_1_49=C17002_005E;ratio_1_50_1_84=C17002_006E;ratio_1_85_1_99=C17002_007E;ratio_2_00_plus=C17002_008E",matching published M cell for each direct estimate,under_0_50|ratio_0_50_0_99|ratio_1_00_1_24|ratio_1_25_1_49|ratio_1_50_1_84|ratio_1_85_1_99|ratio_2_00_plus,direct_published_bands,stable 2009-2024 published C-table bridge,candidate person support limited to poverty-determined universe homogeneity,exact release_date in acs5_products.csv,inherit legislative_population_partitions_v1.csv then apply release cutoff,inventory_frozen,C17002 is already aggregated: preserve cells 2-8 and their published MOEs directly; use cell 1 only as the conservation denominator; derive shares only after allocation; do not claim finer detail
income_acs,POC037,household_income,acs5_2009..acs5_2024,B19001,Households,product-vintage Census block group,B19001_002E..B19001_017E,matching B19001_002M..B19001_017M,16 published nominal-dollar bands,direct_published_bands,no cross-year rebucketing without an external price index and distribution assumption,candidate decennial occupied-housing-unit support proven separately from persons,exact release_date in acs5_products.csv,inherit legislative_population_partitions_v1.csv then apply release cutoff,inventory_frozen,Allocate band counts only; never allocate or average B19013 median; retain each product's nominal reference-dollar year
tenure_acs,POC037,housing_tenure,acs5_2009..acs5_2024,B25003,Occupied housing units,product-vintage Census block group,"owner_occupied=B25003_002E;renter_occupied=B25003_003E",matching published M cell for each direct estimate,owner_occupied|renter_occupied,direct_published_aggregates,stable 2009-2024 bridge,candidate decennial occupied-housing-unit support proven separately from persons,exact release_date in acs5_products.csv,inherit legislative_population_partitions_v1.csv then apply release cutoff,inventory_frozen,Owner plus renter must equal published B25003_001E after allocation
density_all_population,POC038,population_density,all accepted total-population partitions,accepted total population plus 2020 TIGER/Line Area Hydrography,Accepted total-population universe for each partition,target legislative district,"density=allocated_population/district_land_km2;log_density=ln(density) for density>0",ACS population MOE divided by fixed land area; no area sampling MOE,population|land_km2|density|log_density,post_allocation_derivation,no category bridge,accepted population result plus plan-specific land mask intersection,inherit underlying population release,inherit accepted total-population partition,inventory_frozen,District land is area in EPSG:5070 of the normalized plan polygon after subtracting 2020 TIGER/Line areawater polygons; zero-land districts fail and zero-population districts retain null log density
